term	model	ontology	strategy	classification	info	reasoning
bus driver	openai/gpt-4o	BFO	one_shot	Role	Conf: Medium	The term 'bus driver' can be ambiguous as it could refer both to a person (an object) and to a role. In this context, 'bus driver' is best classified as a 'Role', which is a realizable entity that exists because the individual is in a specific social or institutional set of circumstances, akin to being a student or a nurse. The role of driving a bus is contingent upon the person being employed or engaged in that specific context.
bus driver	openai/gpt-4o	BFO	hierarchical	Object	Path: Entity -> Continuant -> Independent Continuant -> Material Entity -> Object	"[""Entity -> Continuant: The 'bus driver' refers to a person who operates a bus. As a human, the bus driver has a persistent identity over time and fits as a 'Continuant' because they endure and exist through time without losing their identity as a human being."", ""Continuant -> Independent Continuant: A 'bus driver' in the context of a person is a type of independent continuant because persons, as entities, can exist independently of other entities. This classification accounts for the fact that a bus driver is an individual with a specific role but fundamentally, as a person, they are an independent continuant."", 'Independent Continuant -> Material Entity: A bus driver, in the context of a person driving a bus, is a material entity because they are a person with a physical body composed of matter. According to the BFO hierarchy, a person is categorized as a material entity because they consist of physical parts and occupy space.', ""Material Entity -> Object: A 'bus driver' in the context of a person who drives a bus is a human being, thus fitting the definition of an 'Object' as a material entity that is spatially extended and maximally self-connected, similar to other examples like 'Human'. While it can be ambiguous whether 'bus driver' refers to a role or a person, within the hierarchy of material entities, as a potential person, it should be classified under 'Object'.""]"
bus driver	openai/gpt-4o	DOLCE	one_shot	Physical Object	Conf: Medium	In this context, the entity 'bus driver' can be seen as the person driving the bus. Since a person is a physical object with spatial location and is not merely an amount of matter, it matches the criteria for classification as a Physical Object. This classification avoids the ambiguity between the role and the individual.
bus driver	openai/gpt-4o	DOLCE	hierarchical	Physical Object	Path: Entity -> Endurant -> Physical Endurant -> Physical Object	"[""Entity -> Endurant: A 'bus driver' in this context refers to a person driving a bus. A person is an entity that is wholly present at any time they exist, which aligns with the definition of an Endurant. Even though the term 'bus driver' can imply a role, the individual themselves, when acting as a bus driver, is fully present and thus fits into the Endurant category."", ""Endurant -> Physical Endurant: A 'bus driver,' when considered as a person driving a bus, is primarily a human being and, thus, a physical object that exists in space and time. This makes it best classified under 'Physical Endurant.' The ambiguity between role and person suggests that 'bus driver' as a role might not sufficiently describe its essence at this level, so we focus on the tangible, physical aspect of a person."", ""Physical Endurant -> Physical Object: A 'bus driver' as a person who physically drives a bus is an entity that has spatial location and is not simply an amount of matter, fitting the definition of a 'Physical Object'. Although there is ambiguity since 'bus driver' could also refer to a role, when considering the person driving the bus, they are best categorized as a 'Physical Object' within the context of DOLCE.""]"
bus driver	openai/gpt-4o	UFO	one_shot	Role	Conf: High	The term 'bus driver' represents the position or duty that a person occupies within the context of operating a bus, which is consistent with the definition of a Role as a non-rigid sortal that an entity plays in a context.
bus driver	openai/gpt-4o	UFO	hierarchical	Dependent Substantial	Path: Entity -> Individual -> Substantial -> Dependent Substantial	"[""Entity -> Individual: A 'bus driver' typically refers to a specific human being operating a bus, fitting the notion of an 'Individual' opposed to a 'Universal', which suggests a more abstract or general quality. However, since the concept could also refer to the role of driving a bus and definitions are lacking, the choice of 'Individual' is based on the default assumption that it more closely aligns with a definitive single person in this context."", ""Individual -> Substantial: A 'bus driver', when referring to the person, is a tangible individual existing in space and time, which aligns with the definition of 'Substantial'. Even though the term 'bus driver' may suggest a role or an event, when categorizing under this ontology, the emphasis is on the person themselves, making 'Substantial' the most fitting sub-class."", ""Substantial -> Dependent Substantial: A 'bus driver' is typically a role or identity that a person takes on when they are driving a bus. As roles are generally considered dependent on the existence of an agent to perform them, 'bus driver' fits best under 'Dependent Substantial'. It is dependent on a person to exist in that role, thus aligning with the notion of a substance that is not entirely independent."", ""Dependent Substantial -> Dependent Substantial: A 'bus driver' refers to an individual (a person) in a particular role, which makes it a role that depends on the existence of that person. As the description is ambiguous between the person and the role, the 'bus driver' fits as a 'Dependent Substantial' because it represents a dependent entity (the role) rather than a 'Moment' which represents a quality or property. 'Moment' does not capture the notion of the social or professional capacity connoted by 'bus driver'.""]"
deckchairs on the beach	openai/gpt-4o	BFO	one_shot	Object Aggregate	Conf: High	The term 'deckchairs on the beach' suggests a collection of separate objects (deckchairs) grouped together. According to the BFO, an Object Aggregate is a material entity that is a mereological sum of separate objects. Therefore, 'deckchairs on the beach' fits the description of an Object Aggregate.
deckchairs on the beach	openai/gpt-4o	BFO	hierarchical	Object Aggregate	Path: Entity -> Continuant -> Independent Continuant -> Material Entity -> Object Aggregate	"[""Entity -> Continuant: Deckchairs on the beach, in the context of travel and tourism, are physical objects that persist over time while maintaining their identity. They do not unfold or develop over time like events do. Therefore, they fit the definition of 'Continuant', which describes entities that maintain their identity through time."", ""Continuant -> Independent Continuant: Independent Continuants are entities that do not depend on other entities for their existence. 'Deckchairs on the beach' are physical objects that exist independently of other entities, fitting the definition of an Independent Continuant."", ""Independent Continuant -> Material Entity: Deckchairs are physical objects and therefore have matter as a part, fitting the definition of a 'Material Entity'. They are physical, tangible objects designed to be used by people, thus qualifying as Material Entities in the context of BFO."", ""Material Entity -> Object Aggregate: The 'deckchairs on the beach' are a collection of individual deckchair objects that are grouped together due to their colocated presence on the beach. According to the definition, an 'Object Aggregate' is a material entity that is a mereological sum of separate objects. Since 'deckchairs on the beach' consists of multiple standalone deckchair objects combined as a whole, it fits best under 'Object Aggregate'.""]"
deckchairs on the beach	openai/gpt-4o	DOLCE	one_shot	Physical Object	Conf: High	Deckchairs are tangible items that have spatial location and are not merely an amount of matter. They are considered endurants as they are wholly present at any time they exist, fitting the definition of a 'Physical Object' in DOLCE ontology.
deckchairs on the beach	openai/gpt-4o	DOLCE	hierarchical	Physical Object	Path: Entity -> Endurant -> Physical Endurant -> Physical Object	"[""Entity -> Endurant: Deckchairs on the beach are physical objects that are wholly present whenever and wherever they exist. They do not have temporal parts extending through time like events or processes do. Therefore, they fit the definition of 'Endurant' as entities that are entirely present at any given moment."", ""Endurant -> Physical Endurant: Deckchairs on the beach are physical objects that have a tangible presence and occupy space, hence they fit into the category of 'Physical Endurant' rather than 'Non-physical Endurant' which would pertain to entities without physical form. 'Arbitrary Sum' does not fit as it generally refers to an accidental or non-essential combination of objects, unlike a specific collection of deckchairs intended for use on the beach."", ""Physical Endurant -> Physical Object: Deckchairs on the beach are tangible objects with specific spatial locations, distinct from amounts of matter. They can be moved, used, and have structure, making them fit well into the category of a 'Physical Object' as they fulfill the provided definition.""]"
deckchairs on the beach	openai/gpt-4o	UFO	one_shot	Collective	Conf: High	Deckchairs on the beach refer to a collection of individual deckchairs being used or placed together in a specific setting, which aligns with the concept of an entity being a collective rather than a single object.
deckchairs on the beach	openai/gpt-4o	UFO	hierarchical	Collective	Path: Entity -> Individual -> Substantial -> Independent Substantial -> Collective	"[""Entity -> Individual: Deckchairs on the beach in the specific context of travel and tourism refer to particular instances of deckchairs that can be found on a beach. These are individual, concrete objects rather than an abstract concept or a broad class. Therefore, they align more closely with the concept of 'Individual' within the ontology."", ""Individual -> Substantial: Deckchairs on the beach exist as physical items in space and time, fitting the definition of a 'Substantial', which is comparable to an Endurant. They are tangible objects present in the context of travel and tourism and do not represent an occurrence or happening as an 'Event' would."", ""Substantial -> Independent Substantial: Deckchairs on the beach are physical objects that exist independently of other entities, making them an 'Independent Substantial' in the ontology. They do not depend on other entities for their existence, unlike 'Dependent Substantial' entities that require a connection to something else to be defined."", ""Independent Substantial -> Collective: The entity 'deckchairs on the beach' refers to multiple deckchairs viewed as a group or collection in the context of travel and tourism. This aligns with the concept of 'Collective', which typically encompasses entities that are considered as groups or collections of objects rather than single unified entities.""]"
drinking a beer	openai/gpt-4o	BFO	one_shot	Process	Conf: High	'Drinking a beer' unfolds or develops over time and involves a participant (the person drinking the beer), fitting the definition of a 'Process', which is an occurrent with temporal parts dependent on a participant.
drinking a beer	openai/gpt-4o	BFO	hierarchical	Process	Path: Entity -> Occurrent -> Process	"[""Entity -> Occurrent: The act of 'drinking a beer' unfolds and happens over time, fitting the definition of an 'Occurrent', which is an entity that develops temporally and has temporal parts."", ""Occurrent -> Process: 'Drinking a beer' involves a sequence of actions over time (e.g., lifting the glass, sipping), having temporal parts and dependence on the participant performing the act. This matches the definition of 'Process'.""]"
drinking a beer	openai/gpt-4o	DOLCE	one_shot	Process	Conf: High	The activity of 'drinking a beer' is a perdurant because it unfolds over time and involves temporal parts. It is homeomerous, as each part of the drinking activity is similar in nature (consuming the beer). Thus, it fits the definition of a 'Process'.
drinking a beer	openai/gpt-4o	DOLCE	hierarchical	Accomplishment	Path: Entity -> Perdurant -> Eventive -> Accomplishment	"[""Entity -> Perdurant: 'Drinking a beer' is an activity that occurs over time, involving temporal stages (beginning, middle, end). According to the definition, perdurants are entities that extend in time and have temporal parts, like events or activities. Therefore, 'drinking a beer' fits the classification of a Perdurant."", ""Perdurant -> Eventive: 'Drinking a beer' represents an occurrence or activity with a certain duration and change over time, which aligns with the concept of an event. 'Eventive' captures these dynamic aspects in contrast to 'Stative', which implies a more static or unchanging state."", ""Eventive -> Accomplishment: 'Drinking a beer' is a process that involves progression over time with a natural endpoint, specifically when the beer is finished. Unlike an 'Achievement', which is instantaneous, it takes time and effort, fitting the characteristics of an 'Accomplishment'.""]"
drinking a beer	openai/gpt-4o	UFO	one_shot	Process	Conf: High	Drinking a beer is an activity that involves a sequence of actions happening over time, such as raising a glass, sipping, and swallowing, which aligns with the definition of a process as an event or series of actions.
drinking a beer	openai/gpt-4o	UFO	hierarchical	Entity	Path: Entity	"[""Entity -> Entity: The options 'Individual' and 'Universal' are not defined, making it unclear how they apply to 'drinking a beer.' Without specific definitions, 'drinking a beer' is best classified under the parent 'Entity' as it represents an activity or event, rather than specifying a distinct individual occurrence or a universal concept.""]"
end of cooking	openai/gpt-4o	BFO	one_shot	Process Boundary	Conf: High	The term 'end of cooking' refers to the exact moment when the process of cooking concludes. According to the definitions provided, a 'Process Boundary' is the instantaneous beginning or end of a process. Since 'end of cooking' aligns with the definition of a 'Process Boundary,' this classification is most appropriate.
end of cooking	openai/gpt-4o	BFO	hierarchical	Process Boundary	Path: Entity -> Occurrent -> Process Boundary	"[""Entity -> Occurrent: 'End of cooking' refers to a specific occurrence or event that happens at a particular time, marking the conclusion of the cooking process. It unfolds in time, indicating change from one state (cooking happening) to another (cooking finished), thus fitting the definition of an 'Occurrent'."", ""Occurrent -> Process Boundary: The 'end of cooking' represents the finishing point or conclusion of the cooking process in the context of travel and tourism. According to BFO, a 'Process Boundary' refers to the instantaneous beginning or end of a process. Since 'end of cooking' indicates a specific moment marking the end of a cooking process, it fits the definition of a 'Process Boundary'.""]"
end of cooking	openai/gpt-4o	DOLCE	one_shot	Achievement	Conf: High	The 'end of cooking' is an instantaneous occurrence marking the completion of a cooking process. According to the given definitions, an 'Achievement' is a perdurant that is instantaneous, such as reaching a summit. Similarly, the 'end of cooking' marks a specific point in time when the cooking activity is complete.
end of cooking	openai/gpt-4o	DOLCE	hierarchical	Achievement	Path: Entity -> Perdurant -> Eventive -> Achievement	"[""Entity -> Perdurant: The 'end of cooking' is an event or occurrence that takes place over time and marks the conclusion of a cooking process. As such, it is an entity that extends temporally and involves changes over time, fitting the definition of a Perdurant."", ""Perdurant -> Eventive: In DOLCE, 'Eventive' can be considered to include occurrences or happenings, such as processes or events that have a temporal duration. The 'end of cooking' suggests a happening that marks the conclusion of a cooking process, implying a change or action taking place over time, characteristic of 'Eventive'. This is distinct from 'Stative', which would involve static conditions or states rather than dynamic events."", ""Eventive -> Achievement: The 'end of cooking' marks an instantaneous point in time where the cooking process is completed. According to the definitions, an Achievement is a perdurant that is instantaneous, which aligns with the concept of reaching the endpoint of the cooking process. Therefore, 'end of cooking' fits best as an Achievement rather than an Accomplishment, which involves a more extensive process with homeomerous activities leading up to a natural endpoint.""]"
end of cooking	openai/gpt-4o	UFO	one_shot	Atomic Event	Conf: Medium	The 'end of cooking' is a specific occurrence that marks the conclusion of a cooking process. It 'happens in time,' aligning it with the definition of an 'Event.' Given the lack of a precise definition for an 'Atomic Event' but assuming it relates to discrete events or transitions, 'end of cooking' is classified as an 'Atomic Event.' The link between time and occurrence indicates this classification.
end of cooking	openai/gpt-4o	UFO	hierarchical	Entity	Path: Entity	"[""Entity -> Entity: The 'end of cooking' in the context of travel and tourism does not fit clearly into the abstract concepts of 'Individual' or 'Universal' without specific definitions for these classes. It is an occurrence or event marking a completion within a specific context, fitting well within the general category of an 'Entity'.""]"
end of flying	openai/gpt-4o	BFO	one_shot	Process Boundary	Conf: High	The 'end of flying' in the context of travel and tourism refers to the specific point in time when the process of flying concludes. According to the provided definitions, a Process Boundary is the instantaneous beginning or end of a process, such as the end of a flight journey, making it the most fitting classification.
end of flying	openai/gpt-4o	BFO	hierarchical	Process Boundary	Path: Entity -> Occurrent -> Process Boundary	"[""Entity -> Occurrent: The 'end of flying' refers to a temporal event marking the conclusion of a flight activity. This fits the definition of an Occurrent, as it is an entity that happens and unfolds at a certain point in time, rather than persisting continuously."", ""Occurrent -> Process Boundary: The 'end of flying' represents the instantaneous conclusion of the flying process in travel and tourism. According to the definition, a Process Boundary is an occurrent that marks the beginning or end of a process, making it the best fit for the 'end of flying'.""]"
end of flying	openai/gpt-4o	DOLCE	one_shot	Achievement	Conf: High	The 'end of flying' refers to a specific moment or event where the activity of flying ceases. This aligns with the definition of an Achievement, which is classified as a perdurant that is instantaneous, marking a natural endpoint of an activity.
end of flying	openai/gpt-4o	DOLCE	hierarchical	Achievement	Path: Entity -> Perdurant -> Eventive -> Achievement	"[""Entity -> Perdurant: The 'end of flying' is an event or process that occurs over time, typically marking the conclusion of a flight. As such, it has temporal parts and extends in time, fitting the definition of a 'Perdurant'. It is not wholly present at any single moment, distinguishing it from an 'Endurant'."", ""Perdurant -> Eventive: The 'end of flying' in the context of travel and tourism implies a transition from the state of flying to not flying, marking the conclusion of a flight. This transition is a change or occurrence, aligning with the characteristics of an 'Eventive' in the DOLCE ontology, which encompasses events and occurrences that unfold over time."", ""Eventive -> Achievement: The 'end of flying' is best categorized as an 'Achievement' because it refers to the instant when flying is completed, aligning with the characterization of an instantaneous event marking the conclusion of an activity.""]"
end of flying	openai/gpt-4o	UFO	one_shot	Event	Conf: High	The term 'end of flying' describes an occurrence or happening in time related to the cessation of flying, which fits the definition of an Event as it is an individual happening in time.
end of flying	openai/gpt-4o	UFO	hierarchical	Phase	Path: Entity -> Universal -> Sortal -> Phase	"[""Entity -> Universal: The 'end of flying' in the context of travel and tourism likely refers to a conceptual or abstract idea that can apply to multiple instances or scenarios, such as the broader end of flying practices or trends. In ontological terms, a 'Universal' denotes a type or generic concept that can be instantiated by numerous entities, fitting the description of 'end of flying' as a general concept in travel and tourism."", ""Universal -> Sortal: The entity 'end of flying' refers to a specific kind or phase of an activity, suggesting a classification as a 'Sortal'. Sortals are typically kinds or types that allow for the identification of distinct entities or phases, like the end phase of flying in travel and tourism."", ""Sortal -> Phase: The 'end of flying' in the context of travel and tourism represents a non-rigid stage or phase in the life cycle of a journey or travel process. It denotes a transitional state where the flying aspect of the journey concludes. Since 'Phase' is defined as a non-rigid sortal that represents a stage in a life cycle, it fits well as a subclass for 'end of flying'.""]"
